{"cameraMode":{"drawMode":0,"name":"Shaded","section":"Shading Mode"},"sceneLighting":false,"audioPlay":false,"sceneViewState":{"showFog":true,"showMaterialUpdate":true,"showSkybox":true,"showFlares":true,"showImageEffects":true,"showParticleSystems":true},"in2DMode":false,"pivot":{"x":-0.1757185459136963,"y":-0.028865337371826173,"z":-0.04236042499542236},"rotation":{"x":-0.07215605676174164,"y":0.049945615231990817,"z":-0.003617693670094013,"w":-0.996135950088501},"size":4.466972827911377,"orthographic":false}