{"cameraMode":{"drawMode":0,"name":"Shaded","section":"Shading Mode"},"sceneLighting":true,"audioPlay":false,"sceneViewState":{"showFog":true,"showMaterialUpdate":true,"showSkybox":false,"showFlares":true,"showImageEffects":true,"showParticleSystems":true},"in2DMode":false,"pivot":{"x":-4.77287483215332,"y":-2.7762227058410646,"z":-3.2067832946777345},"rotation":{"x":-0.17718809843063355,"y":0.46581029891967776,"z":-0.09578774869441986,"w":-0.8616555333137512},"size":8.932293891906739,"orthographic":false}