{"cameraMode":{"drawMode":0,"name":"Shaded","section":"Shading Mode"},"sceneLighting":true,"audioPlay":false,"sceneViewState":{"showFog":true,"showMaterialUpdate":true,"showSkybox":true,"showFlares":true,"showImageEffects":true,"showParticleSystems":true},"in2DMode":false,"pivot":{"x":-1.2866249084472657,"y":16.978622436523439,"z":-17.008806228637697},"rotation":{"x":0.09996265918016434,"y":0.5494447350502014,"z":-0.06642429530620575,"w":0.8268651366233826},"size":19.238384246826173,"orthographic":false}